ID do Produto,Nome do Produto,Categoria,Preço,Quantidade Vendida,Data da Venda,Desconto,Observação
1,Produto 1,Casa e Jardim,466.74,,2023-01-01,8.86,Novo lançamento
2,Produto 2,Esportes,286.92,1.0,2023-01-02,,Produto popular
3,Produto 3,Alimentos,351.36,,2023-01-03,33.87,Novo lançamento
4,Produto 4,Esportes,462.02,,2023-01-04,11.75,Novo lançamento
5,Produto 5,Esportes,356.55,,2023-01-05,,Produto popular
6,Produto 6,Roupas,84.74,24.0,2023-01-06,27.24,Novo lançamento
7,Produto 7,Alimentos,292.38,17.0,2023-01-07,8.26,Produto popular
8,Produto 8,Alimentos,307.29,5.0,2023-01-08,29.15,Novo lançamento
9,Produto 9,Alimentos,217.82,20.0,2023-01-09,49.99,Novo lançamento
10,Produto 10,Esportes,370.86,21.0,2023-01-10,7.53,nan
11,Produto 11,Casa e Jardim,467.84,58.0,2023-01-11,40.84,Novo lançamento
12,Produto 12,Alimentos,,31.0,2023-01-12,10.37,Novo lançamento
13,Produto 13,Esportes,230.91,11.0,2023-01-13,39.12,nan
14,Produto 14,Roupas,65.49,52.0,2023-01-14,36.73,Novo lançamento
15,Produto 15,Casa e Jardim,492.57,15.0,2023-01-15,15.02,Novo lançamento
16,Produto 16,Roupas,421.06,83.0,2023-01-16,16.29,Novo lançamento
17,Produto 17,Casa e Jardim,71.08,7.0,2023-01-17,39.63,Produto popular
18,Produto 18,Esportes,,28.0,2023-01-18,,Produto popular
19,Produto 19,Eletrônicos,436.25,51.0,2023-01-19,36.54,nan
20,Produto 20,Casa e Jardim,264.23,58.0,2023-01-20,7.4,Novo lançamento
21,Produto 21,Roupas,299.72,5.0,2023-01-21,,Produto popular
22,Produto 22,Esportes,205.51,5.0,2023-01-22,35.54,Novo lançamento
23,Produto 23,Casa e Jardim,,94.0,2023-01-23,45.35,nan
24,Produto 24,Eletrônicos,174.25,96.0,2023-01-24,6.62,Novo lançamento
25,Produto 25,Eletrônicos,403.4,8.0,2023-01-25,29.65,nan
26,Produto 26,Alimentos,12.27,64.0,2023-01-26,29.96,Produto popular
27,Produto 27,Alimentos,173.41,10.0,2023-01-27,17.67,Produto popular
28,Produto 28,Roupas,205.1,38.0,2023-01-28,22.92,Produto popular
29,Produto 29,Casa e Jardim,273.32,96.0,2023-01-29,1.9,Novo lançamento
30,Produto 30,Casa e Jardim,460.73,92.0,2023-01-30,37.29,Novo lançamento
31,Produto 31,Alimentos,179.71,81.0,2023-01-31,27.47,Novo lançamento
32,Produto 32,Casa e Jardim,180.01,95.0,2023-02-01,,Novo lançamento
33,Produto 33,Casa e Jardim,,8.0,2023-02-02,34.04,Novo lançamento
34,Produto 34,Eletrônicos,,25.0,2023-02-03,,Novo lançamento
35,Produto 35,Alimentos,120.06,73.0,2023-02-04,1.72,Novo lançamento
36,Produto 36,Esportes,231.7,66.0,2023-02-05,,Novo lançamento
37,Produto 37,Alimentos,79.02,79.0,2023-02-06,47.46,nan
38,Produto 38,Esportes,96.43,50.0,2023-02-07,25.65,Novo lançamento
39,Produto 39,Eletrônicos,254.2,67.0,2023-02-08,4.68,nan
40,Produto 40,Roupas,215.27,49.0,2023-02-09,,Novo lançamento
41,Produto 41,Casa e Jardim,458.27,36.0,2023-02-10,24.6,Novo lançamento
42,Produto 42,Eletrônicos,187.57,68.0,2023-02-11,15.12,nan
43,Produto 43,Casa e Jardim,294.49,78.0,2023-02-12,24.57,Produto popular
44,Produto 44,Roupas,319.81,41.0,2023-02-13,26.12,Novo lançamento
45,Produto 45,Roupas,16.42,,2023-02-14,28.14,Novo lançamento
46,Produto 46,Eletrônicos,335.13,,2023-02-15,22.06,Produto popular
47,Produto 47,Roupas,97.24,10.0,2023-02-16,30.29,Novo lançamento
48,Produto 48,Esportes,480.92,21.0,2023-02-17,45.94,Novo lançamento
49,Produto 49,Roupas,82.84,36.0,2023-02-18,18.11,Produto popular
50,Produto 50,Casa e Jardim,,12.0,2023-02-19,36.29,Novo lançamento
51,Produto 51,Casa e Jardim,51.82,91.0,2023-02-20,44.72,Novo lançamento
52,Produto 52,Casa e Jardim,498.47,2.0,2023-02-21,22.8,Produto popular
53,Produto 53,Casa e Jardim,256.08,13.0,2023-02-22,22.17,Novo lançamento
54,Produto 54,Esportes,301.74,53.0,2023-02-23,30.11,Novo lançamento
55,Produto 55,Alimentos,42.87,32.0,2023-02-24,29.57,Produto popular
56,Produto 56,Eletrônicos,377.48,95.0,2023-02-25,40.33,Produto popular
57,Produto 57,Casa e Jardim,112.85,16.0,2023-02-26,23.82,Produto popular
58,Produto 58,Roupas,450.05,32.0,2023-02-27,49.81,Novo lançamento
59,Produto 59,Casa e Jardim,110.52,32.0,2023-02-28,2.97,Novo lançamento
60,Produto 60,Roupas,103.44,98.0,2023-03-01,0.16,Novo lançamento
61,Produto 61,Roupas,,,2023-03-02,32.01,Novo lançamento
62,Produto 62,Casa e Jardim,241.31,10.0,2023-03-03,14.92,Novo lançamento
63,Produto 63,Esportes,286.77,15.0,2023-03-04,12.02,Produto popular
64,Produto 64,Roupas,42.2,17.0,2023-03-05,15.59,Produto popular
65,Produto 65,Roupas,390.01,40.0,2023-03-06,12.8,Produto popular
66,Produto 66,Casa e Jardim,232.11,18.0,2023-03-07,1.54,Produto popular
67,Produto 67,Roupas,266.95,55.0,2023-03-08,48.58,Novo lançamento
68,Produto 68,Roupas,225.97,,2023-03-09,11.04,Novo lançamento
69,Produto 69,Casa e Jardim,206.37,25.0,2023-03-10,36.7,Produto popular
70,Produto 70,Casa e Jardim,284.22,59.0,2023-03-11,38.13,Novo lançamento
71,Produto 71,Eletrônicos,86.07,78.0,2023-03-12,46.46,Novo lançamento
72,Produto 72,Esportes,99.14,89.0,2023-03-13,1.53,Produto popular
73,Produto 73,Esportes,432.27,22.0,2023-03-14,43.6,Produto popular
74,Produto 74,Roupas,473.6,30.0,2023-03-15,26.36,Produto popular
75,Produto 75,Esportes,192.92,84.0,2023-03-16,31.63,nan
76,Produto 76,Roupas,142.66,85.0,2023-03-17,32.22,Novo lançamento
77,Produto 77,Eletrônicos,325.56,44.0,2023-03-18,40.99,nan
78,Produto 78,Casa e Jardim,210.28,32.0,2023-03-19,,Produto popular
79,Produto 79,Casa e Jardim,22.44,51.0,2023-03-20,36.65,Produto popular
80,Produto 80,Casa e Jardim,86.51,46.0,2023-03-21,26.43,Novo lançamento
81,Produto 81,Esportes,360.83,21.0,2023-03-22,39.67,Produto popular
82,Produto 82,Eletrônicos,332.87,99.0,2023-03-23,49.53,Produto popular
83,Produto 83,Esportes,23.28,32.0,2023-03-24,10.03,nan
84,Produto 84,Esportes,118.77,94.0,2023-03-25,49.73,Produto popular
85,Produto 85,Eletrônicos,123.23,39.0,2023-03-26,4.49,Produto popular
86,Produto 86,Eletrônicos,339.23,12.0,2023-03-27,,Novo lançamento
87,Produto 87,Eletrônicos,19.66,47.0,2023-03-28,,Produto popular
88,Produto 88,Eletrônicos,61.01,,2023-03-29,17.09,nan
89,Produto 89,Casa e Jardim,401.96,21.0,2023-03-30,31.65,Novo lançamento
90,Produto 90,Alimentos,97.49,13.0,2023-03-31,3.45,Produto popular
91,Produto 91,Alimentos,329.85,21.0,2023-04-01,0.28,Produto popular
92,Produto 92,Eletrônicos,126.71,8.0,2023-04-02,46.85,Produto popular
93,Produto 93,Alimentos,58.73,46.0,2023-04-03,41.1,Novo lançamento
94,Produto 94,Alimentos,129.15,,2023-04-04,40.46,Produto popular
95,Produto 95,Eletrônicos,363.91,23.0,2023-04-05,44.22,Novo lançamento
96,Produto 96,Alimentos,429.29,96.0,2023-04-06,35.0,Novo lançamento
97,Produto 97,Esportes,416.81,,2023-04-07,,nan
98,Produto 98,Roupas,204.62,86.0,2023-04-08,,Novo lançamento
99,Produto 99,Roupas,337.36,22.0,2023-04-09,36.16,Produto popular
100,Produto 100,Eletrônicos,,89.0,2023-04-10,14.02,nan
101,Produto 101,Casa e Jardim,153.64,22.0,2023-04-11,34.37,Novo lançamento
102,Produto 102,Eletrônicos,449.2,92.0,2023-04-12,1.22,Novo lançamento
103,Produto 103,Casa e Jardim,16.37,29.0,2023-04-13,15.31,Novo lançamento
104,Produto 104,Roupas,,13.0,2023-04-14,27.46,Produto popular
105,Produto 105,Eletrônicos,111.86,82.0,2023-04-15,31.6,Produto popular
106,Produto 106,Esportes,,2.0,2023-04-16,28.85,Novo lançamento
107,Produto 107,Alimentos,98.9,29.0,2023-04-17,,Produto popular
108,Produto 108,Casa e Jardim,295.69,85.0,2023-04-18,0.3,Produto popular
109,Produto 109,Alimentos,216.5,79.0,2023-04-19,5.05,nan
110,Produto 110,Alimentos,,,2023-04-20,43.45,Produto popular
111,Produto 111,Eletrônicos,410.55,27.0,2023-04-21,34.09,Novo lançamento
112,Produto 112,Alimentos,177.49,50.0,2023-04-22,5.65,Produto popular
113,Produto 113,Esportes,,95.0,2023-04-23,42.1,Novo lançamento
114,Produto 114,Alimentos,196.05,79.0,2023-04-24,12.11,Produto popular
115,Produto 115,Eletrônicos,299.24,23.0,2023-04-25,23.91,Novo lançamento
116,Produto 116,Esportes,141.35,88.0,2023-04-26,7.26,Produto popular
117,Produto 117,Roupas,315.83,44.0,2023-04-27,35.51,Produto popular
118,Produto 118,Alimentos,210.61,77.0,2023-04-28,33.34,Produto popular
119,Produto 119,Eletrônicos,280.5,22.0,2023-04-29,10.56,Produto popular
120,Produto 120,Roupas,223.7,43.0,2023-04-30,,Produto popular
121,Produto 121,Roupas,,37.0,2023-05-01,,Novo lançamento
122,Produto 122,Casa e Jardim,474.74,61.0,2023-05-02,14.63,Novo lançamento
123,Produto 123,Esportes,384.17,97.0,2023-05-03,7.62,Produto popular
124,Produto 124,Alimentos,,,2023-05-04,13.31,nan
125,Produto 125,Eletrônicos,435.55,3.0,2023-05-05,1.1,Produto popular
126,Produto 126,Casa e Jardim,248.84,63.0,2023-05-06,29.16,Novo lançamento
127,Produto 127,Esportes,448.33,19.0,2023-05-07,42.11,Novo lançamento
128,Produto 128,Casa e Jardim,401.93,23.0,2023-05-08,27.45,Novo lançamento
129,Produto 129,Esportes,218.35,29.0,2023-05-09,10.96,nan
130,Produto 130,Esportes,21.01,30.0,2023-05-10,1.68,Produto popular
131,Produto 131,Alimentos,,39.0,2023-05-11,10.73,Produto popular
132,Produto 132,Esportes,275.4,25.0,2023-05-12,20.81,Novo lançamento
133,Produto 133,Casa e Jardim,320.4,8.0,2023-05-13,37.98,Novo lançamento
134,Produto 134,Esportes,136.36,58.0,2023-05-14,9.39,Novo lançamento
135,Produto 135,Alimentos,78.28,16.0,2023-05-15,,Novo lançamento
136,Produto 136,Alimentos,,72.0,2023-05-16,43.35,Produto popular
137,Produto 137,Casa e Jardim,,1.0,2023-05-17,22.7,Novo lançamento
138,Produto 138,Roupas,267.59,,2023-05-18,41.07,Produto popular
139,Produto 139,Roupas,,3.0,2023-05-19,27.73,Novo lançamento
140,Produto 140,Esportes,143.43,65.0,2023-05-20,31.85,Produto popular
141,Produto 141,Eletrônicos,19.01,4.0,2023-05-21,26.31,Produto popular
142,Produto 142,Esportes,,99.0,2023-05-22,23.16,Novo lançamento
143,Produto 143,Casa e Jardim,67.7,96.0,2023-05-23,11.73,Novo lançamento
144,Produto 144,Casa e Jardim,292.49,64.0,2023-05-24,15.16,Novo lançamento
145,Produto 145,Casa e Jardim,144.29,98.0,2023-05-25,14.5,Produto popular
146,Produto 146,Casa e Jardim,281.55,89.0,2023-05-26,28.16,Novo lançamento
147,Produto 147,Casa e Jardim,329.2,10.0,2023-05-27,6.0,Produto popular
148,Produto 148,Alimentos,416.57,,2023-05-28,45.84,Novo lançamento
149,Produto 149,Roupas,111.15,46.0,2023-05-29,36.03,Produto popular
150,Produto 150,Casa e Jardim,15.39,91.0,2023-05-30,20.07,Novo lançamento
151,Produto 151,Eletrônicos,77.07,27.0,2023-05-31,,Novo lançamento
152,Produto 152,Eletrônicos,451.01,66.0,2023-06-01,44.1,Novo lançamento
153,Produto 153,Eletrônicos,438.21,41.0,2023-06-02,41.19,Produto popular
154,Produto 154,Eletrônicos,302.73,,2023-06-03,36.09,Produto popular
155,Produto 155,Alimentos,304.25,9.0,2023-06-04,13.58,Novo lançamento
156,Produto 156,Eletrônicos,335.87,36.0,2023-06-05,20.12,Produto popular
157,Produto 157,Casa e Jardim,,,2023-06-06,5.14,Novo lançamento
158,Produto 158,Esportes,458.06,90.0,2023-06-07,9.45,Produto popular
159,Produto 159,Eletrônicos,215.2,58.0,2023-06-08,39.15,Produto popular
160,Produto 160,Alimentos,,54.0,2023-06-09,35.75,Novo lançamento
161,Produto 161,Alimentos,264.27,12.0,2023-06-10,29.67,Novo lançamento
162,Produto 162,Eletrônicos,33.01,81.0,2023-06-11,44.79,Novo lançamento
163,Produto 163,Esportes,91.48,78.0,2023-06-12,29.16,Novo lançamento
164,Produto 164,Eletrônicos,371.64,14.0,2023-06-13,23.35,Produto popular
165,Produto 165,Alimentos,50.57,34.0,2023-06-14,17.02,Novo lançamento
166,Produto 166,Roupas,305.54,53.0,2023-06-15,47.02,Produto popular
167,Produto 167,Casa e Jardim,130.22,20.0,2023-06-16,4.14,Novo lançamento
168,Produto 168,Alimentos,200.75,75.0,2023-06-17,46.54,Novo lançamento
169,Produto 169,Eletrônicos,151.46,16.0,2023-06-18,41.34,Produto popular
170,Produto 170,Casa e Jardim,184.28,95.0,2023-06-19,6.5,Novo lançamento
171,Produto 171,Eletrônicos,362.33,70.0,2023-06-20,28.25,Novo lançamento
172,Produto 172,Eletrônicos,,56.0,2023-06-21,43.33,Produto popular
173,Produto 173,Roupas,287.54,83.0,2023-06-22,,Novo lançamento
174,Produto 174,Casa e Jardim,243.26,58.0,2023-06-23,,nan
175,Produto 175,Casa e Jardim,,4.0,2023-06-24,47.15,Produto popular
176,Produto 176,Roupas,469.05,4.0,2023-06-25,21.12,Produto popular
177,Produto 177,Alimentos,368.96,20.0,2023-06-26,18.87,Produto popular
178,Produto 178,Eletrônicos,115.32,,2023-06-27,46.82,Novo lançamento
179,Produto 179,Esportes,25.28,24.0,2023-06-28,33.76,Novo lançamento
180,Produto 180,Eletrônicos,138.51,99.0,2023-06-29,,Novo lançamento
181,Produto 181,Eletrônicos,301.59,26.0,2023-06-30,,Novo lançamento
182,Produto 182,Alimentos,35.2,37.0,2023-07-01,28.23,nan
183,Produto 183,Eletrônicos,,85.0,2023-07-02,46.51,Produto popular
184,Produto 184,Roupas,302.45,54.0,2023-07-03,42.21,Produto popular
185,Produto 185,Roupas,,21.0,2023-07-04,,Produto popular
186,Produto 186,Casa e Jardim,387.75,74.0,2023-07-05,6.96,Novo lançamento
187,Produto 187,Esportes,62.23,38.0,2023-07-06,12.71,Produto popular
188,Produto 188,Eletrônicos,46.82,46.0,2023-07-07,43.78,Produto popular
189,Produto 189,Eletrônicos,366.81,4.0,2023-07-08,,Produto popular
190,Produto 190,Alimentos,252.79,60.0,2023-07-09,13.92,Novo lançamento
191,Produto 191,Roupas,347.32,57.0,2023-07-10,6.48,Novo lançamento
192,Produto 192,Esportes,223.07,45.0,2023-07-11,33.81,Novo lançamento
193,Produto 193,Casa e Jardim,130.74,20.0,2023-07-12,47.2,Novo lançamento
194,Produto 194,Roupas,411.36,17.0,2023-07-13,13.45,Novo lançamento
195,Produto 195,Casa e Jardim,,71.0,2023-07-14,,Novo lançamento
196,Produto 196,Alimentos,350.4,4.0,2023-07-15,31.72,nan
197,Produto 197,Alimentos,143.35,93.0,2023-07-16,49.97,Novo lançamento
198,Produto 198,Eletrônicos,299.21,14.0,2023-07-17,5.24,Novo lançamento
199,Produto 199,Esportes,186.88,3.0,2023-07-18,24.93,Novo lançamento
200,Produto 200,Casa e Jardim,54.88,88.0,2023-07-19,19.26,Novo lançamento
201,Produto 201,Roupas,459.48,80.0,2023-07-20,43.29,Produto popular
202,Produto 202,Alimentos,,58.0,2023-07-21,23.8,Novo lançamento
203,Produto 203,Eletrônicos,475.62,55.0,2023-07-22,5.55,Novo lançamento
204,Produto 204,Eletrônicos,228.54,4.0,2023-07-23,,Produto popular
205,Produto 205,Casa e Jardim,100.72,24.0,2023-07-24,38.54,Novo lançamento
206,Produto 206,Alimentos,275.53,34.0,2023-07-25,0.14,Produto popular
207,Produto 207,Esportes,437.74,,2023-07-26,42.95,Novo lançamento
208,Produto 208,Alimentos,368.79,82.0,2023-07-27,9.3,Novo lançamento
209,Produto 209,Casa e Jardim,405.21,,2023-07-28,27.6,nan
210,Produto 210,Casa e Jardim,332.8,31.0,2023-07-29,20.79,Novo lançamento
211,Produto 211,Alimentos,349.22,60.0,2023-07-30,35.98,Produto popular
212,Produto 212,Casa e Jardim,,60.0,2023-07-31,18.56,Novo lançamento
213,Produto 213,Alimentos,,19.0,2023-08-01,43.49,Produto popular
214,Produto 214,Roupas,249.82,49.0,2023-08-02,36.52,Novo lançamento
215,Produto 215,Alimentos,118.39,63.0,2023-08-03,32.39,Produto popular
216,Produto 216,Alimentos,493.96,83.0,2023-08-04,39.81,Novo lançamento
217,Produto 217,Casa e Jardim,472.59,22.0,2023-08-05,37.7,Produto popular
218,Produto 218,Casa e Jardim,29.32,24.0,2023-08-06,1.8,Novo lançamento
219,Produto 219,Eletrônicos,355.73,76.0,2023-08-07,19.74,Novo lançamento
220,Produto 220,Eletrônicos,463.37,30.0,2023-08-08,46.54,Novo lançamento
221,Produto 221,Roupas,98.48,58.0,2023-08-09,,Novo lançamento
222,Produto 222,Eletrônicos,288.29,31.0,2023-08-10,36.85,Novo lançamento
223,Produto 223,Alimentos,458.59,64.0,2023-08-11,48.73,Produto popular
224,Produto 224,Casa e Jardim,26.63,,2023-08-12,2.61,Produto popular
225,Produto 225,Eletrônicos,351.74,48.0,2023-08-13,34.11,Produto popular
226,Produto 226,Eletrônicos,155.7,45.0,2023-08-14,,Novo lançamento
227,Produto 227,Roupas,462.95,94.0,2023-08-15,28.96,Novo lançamento
228,Produto 228,Roupas,485.82,55.0,2023-08-16,4.27,Produto popular
229,Produto 229,Alimentos,,55.0,2023-08-17,2.15,Novo lançamento
230,Produto 230,Casa e Jardim,242.36,97.0,2023-08-18,33.34,Novo lançamento
231,Produto 231,Roupas,432.4,18.0,2023-08-19,,Novo lançamento
232,Produto 232,Eletrônicos,423.83,63.0,2023-08-20,39.1,Produto popular
233,Produto 233,Casa e Jardim,166.36,92.0,2023-08-21,,nan
234,Produto 234,Casa e Jardim,416.17,47.0,2023-08-22,4.99,Novo lançamento
235,Produto 235,Eletrônicos,28.13,75.0,2023-08-23,34.4,Novo lançamento
236,Produto 236,Roupas,302.17,57.0,2023-08-24,12.09,Produto popular
237,Produto 237,Eletrônicos,122.7,45.0,2023-08-25,,Novo lançamento
238,Produto 238,Casa e Jardim,69.08,,2023-08-26,41.91,Novo lançamento
239,Produto 239,Esportes,47.71,17.0,2023-08-27,35.47,Novo lançamento
240,Produto 240,Esportes,351.18,70.0,2023-08-28,47.44,Novo lançamento
241,Produto 241,Alimentos,176.54,4.0,2023-08-29,1.57,Produto popular
242,Produto 242,Eletrônicos,365.14,20.0,2023-08-30,,Produto popular
243,Produto 243,Eletrônicos,42.02,47.0,2023-08-31,,Novo lançamento
244,Produto 244,Alimentos,,91.0,2023-09-01,45.3,Produto popular
245,Produto 245,Alimentos,274.35,15.0,2023-09-02,13.33,nan
246,Produto 246,Alimentos,397.45,70.0,2023-09-03,36.24,Produto popular
247,Produto 247,Casa e Jardim,166.19,47.0,2023-09-04,43.88,Produto popular
248,Produto 248,Eletrônicos,316.69,78.0,2023-09-05,,Produto popular
249,Produto 249,Casa e Jardim,444.13,,2023-09-06,19.88,Produto popular
250,Produto 250,Alimentos,311.77,9.0,2023-09-07,,Produto popular
251,Produto 251,Eletrônicos,124.15,90.0,2023-09-08,22.75,nan
252,Produto 252,Casa e Jardim,21.96,16.0,2023-09-09,13.36,Novo lançamento
253,Produto 253,Casa e Jardim,,69.0,2023-09-10,10.99,Novo lançamento
254,Produto 254,Alimentos,20.42,,2023-09-11,6.58,Novo lançamento
255,Produto 255,Eletrônicos,438.6,10.0,2023-09-12,42.86,Produto popular
256,Produto 256,Alimentos,269.18,50.0,2023-09-13,28.77,Produto popular
257,Produto 257,Eletrônicos,470.14,3.0,2023-09-14,3.82,Novo lançamento
258,Produto 258,Esportes,401.4,77.0,2023-09-15,19.13,Novo lançamento
259,Produto 259,Roupas,498.99,94.0,2023-09-16,18.39,Produto popular
260,Produto 260,Roupas,181.85,70.0,2023-09-17,9.09,Produto popular
261,Produto 261,Roupas,385.92,81.0,2023-09-18,21.78,Novo lançamento
262,Produto 262,Alimentos,206.95,51.0,2023-09-19,16.6,Produto popular
263,Produto 263,Esportes,245.14,19.0,2023-09-20,,Produto popular
264,Produto 264,Eletrônicos,317.48,42.0,2023-09-21,36.95,Novo lançamento
265,Produto 265,Casa e Jardim,438.1,,2023-09-22,11.16,Produto popular
266,Produto 266,Eletrônicos,492.2,46.0,2023-09-23,32.09,Produto popular
267,Produto 267,Casa e Jardim,,26.0,2023-09-24,28.53,Produto popular
268,Produto 268,Eletrônicos,214.71,,2023-09-25,28.4,Novo lançamento
269,Produto 269,Esportes,216.46,93.0,2023-09-26,33.15,Produto popular
270,Produto 270,Casa e Jardim,371.42,,2023-09-27,27.42,Produto popular
271,Produto 271,Alimentos,127.0,37.0,2023-09-28,43.96,Produto popular
272,Produto 272,Eletrônicos,64.13,84.0,2023-09-29,33.78,Novo lançamento
273,Produto 273,Eletrônicos,183.76,49.0,2023-09-30,,nan
274,Produto 274,Casa e Jardim,150.75,21.0,2023-10-01,41.49,Novo lançamento
275,Produto 275,Alimentos,155.19,74.0,2023-10-02,30.31,Produto popular
276,Produto 276,Alimentos,124.47,64.0,2023-10-03,14.56,Novo lançamento
277,Produto 277,Esportes,30.63,5.0,2023-10-04,10.35,Novo lançamento
278,Produto 278,Alimentos,18.76,70.0,2023-10-05,7.62,Produto popular
279,Produto 279,Alimentos,493.98,90.0,2023-10-06,44.97,Produto popular
280,Produto 280,Alimentos,219.61,4.0,2023-10-07,35.51,Produto popular
281,Produto 281,Roupas,198.32,39.0,2023-10-08,46.87,Produto popular
282,Produto 282,Esportes,343.03,35.0,2023-10-09,30.16,Novo lançamento
283,Produto 283,Eletrônicos,116.94,1.0,2023-10-10,23.67,Produto popular
284,Produto 284,Casa e Jardim,475.48,24.0,2023-10-11,,Produto popular
285,Produto 285,Eletrônicos,395.31,,2023-10-12,33.58,Produto popular
286,Produto 286,Esportes,53.81,70.0,2023-10-13,29.11,Novo lançamento
287,Produto 287,Casa e Jardim,214.61,41.0,2023-10-14,49.51,Produto popular
288,Produto 288,Esportes,440.77,54.0,2023-10-15,,nan
289,Produto 289,Alimentos,472.92,46.0,2023-10-16,26.54,nan
290,Produto 290,Casa e Jardim,,60.0,2023-10-17,32.55,Novo lançamento
291,Produto 291,Alimentos,310.57,60.0,2023-10-18,32.23,Novo lançamento
292,Produto 292,Eletrônicos,91.85,57.0,2023-10-19,28.06,Produto popular
293,Produto 293,Eletrônicos,495.67,31.0,2023-10-20,38.85,Produto popular
294,Produto 294,Casa e Jardim,123.52,84.0,2023-10-21,10.25,Produto popular
295,Produto 295,Casa e Jardim,471.94,24.0,2023-10-22,36.28,Produto popular
296,Produto 296,Esportes,328.33,89.0,2023-10-23,30.99,Novo lançamento
297,Produto 297,Esportes,307.79,36.0,2023-10-24,44.8,Novo lançamento
298,Produto 298,Alimentos,,85.0,2023-10-25,,Produto popular
299,Produto 299,Casa e Jardim,,30.0,2023-10-26,15.76,Novo lançamento
300,Produto 300,Eletrônicos,96.5,24.0,2023-10-27,13.81,Produto popular
301,Produto 301,Esportes,118.04,,2023-10-28,49.08,Novo lançamento
302,Produto 302,Esportes,101.35,86.0,2023-10-29,26.36,Novo lançamento
303,Produto 303,Eletrônicos,392.0,92.0,2023-10-30,45.32,Produto popular
304,Produto 304,Esportes,181.56,7.0,2023-10-31,8.19,Novo lançamento
305,Produto 305,Alimentos,38.34,35.0,2023-11-01,32.14,Produto popular
306,Produto 306,Casa e Jardim,484.86,55.0,2023-11-02,40.49,Produto popular
307,Produto 307,Eletrônicos,443.06,92.0,2023-11-03,47.37,Produto popular
308,Produto 308,Casa e Jardim,464.6,14.0,2023-11-04,16.87,Produto popular
309,Produto 309,Esportes,497.5,10.0,2023-11-05,,Novo lançamento
310,Produto 310,Esportes,95.21,80.0,2023-11-06,26.94,Novo lançamento
311,Produto 311,Eletrônicos,204.16,16.0,2023-11-07,3.03,Novo lançamento
312,Produto 312,Alimentos,381.54,54.0,2023-11-08,,Novo lançamento
313,Produto 313,Roupas,351.05,95.0,2023-11-09,34.5,Novo lançamento
314,Produto 314,Eletrônicos,85.41,89.0,2023-11-10,46.53,Produto popular
315,Produto 315,Roupas,409.76,77.0,2023-11-11,24.87,Produto popular
316,Produto 316,Roupas,,,2023-11-12,11.51,Produto popular
317,Produto 317,Alimentos,119.67,44.0,2023-11-13,2.23,Novo lançamento
318,Produto 318,Roupas,273.12,73.0,2023-11-14,20.78,Novo lançamento
319,Produto 319,Roupas,,,2023-11-15,15.1,Produto popular
320,Produto 320,Alimentos,294.24,56.0,2023-11-16,38.05,Novo lançamento
321,Produto 321,Roupas,54.83,84.0,2023-11-17,17.71,Novo lançamento
322,Produto 322,Roupas,439.96,82.0,2023-11-18,47.45,Novo lançamento
323,Produto 323,Roupas,140.14,57.0,2023-11-19,48.12,Produto popular
324,Produto 324,Eletrônicos,73.46,21.0,2023-11-20,31.05,Produto popular
325,Produto 325,Eletrônicos,445.49,68.0,2023-11-21,46.43,nan
326,Produto 326,Eletrônicos,478.27,50.0,2023-11-22,38.04,Produto popular
327,Produto 327,Alimentos,432.44,33.0,2023-11-23,27.34,nan
328,Produto 328,Esportes,406.66,91.0,2023-11-24,9.02,Novo lançamento
329,Produto 329,Roupas,331.07,7.0,2023-11-25,22.93,Produto popular
330,Produto 330,Roupas,279.92,70.0,2023-11-26,28.04,Novo lançamento
331,Produto 331,Alimentos,,15.0,2023-11-27,43.2,Produto popular
332,Produto 332,Roupas,210.14,82.0,2023-11-28,24.07,Novo lançamento
333,Produto 333,Eletrônicos,192.62,32.0,2023-11-29,44.88,Produto popular
334,Produto 334,Esportes,137.28,75.0,2023-11-30,33.72,Novo lançamento
335,Produto 335,Casa e Jardim,364.48,20.0,2023-12-01,6.85,Novo lançamento
336,Produto 336,Roupas,252.98,88.0,2023-12-02,49.75,nan
337,Produto 337,Eletrônicos,49.71,15.0,2023-12-03,26.36,Produto popular
338,Produto 338,Casa e Jardim,117.89,48.0,2023-12-04,,Novo lançamento
339,Produto 339,Esportes,344.8,71.0,2023-12-05,32.96,nan
340,Produto 340,Casa e Jardim,47.3,21.0,2023-12-06,5.44,nan
341,Produto 341,Eletrônicos,427.09,42.0,2023-12-07,31.83,Produto popular
342,Produto 342,Casa e Jardim,,,2023-12-08,24.91,nan
343,Produto 343,Alimentos,245.49,14.0,2023-12-09,20.33,Novo lançamento
344,Produto 344,Casa e Jardim,300.28,57.0,2023-12-10,47.65,Produto popular
345,Produto 345,Roupas,,37.0,2023-12-11,26.13,Novo lançamento
346,Produto 346,Roupas,180.43,58.0,2023-12-12,,Novo lançamento
347,Produto 347,Alimentos,342.23,21.0,2023-12-13,22.95,Novo lançamento
348,Produto 348,Eletrônicos,287.21,,2023-12-14,45.97,Novo lançamento
349,Produto 349,Roupas,140.84,,2023-12-15,8.8,Novo lançamento
350,Produto 350,Esportes,440.53,3.0,2023-12-16,10.7,Produto popular
351,Produto 351,Roupas,400.74,87.0,2023-12-17,0.65,Novo lançamento
352,Produto 352,Roupas,332.64,90.0,2023-12-18,0.71,Novo lançamento
353,Produto 353,Eletrônicos,426.79,37.0,2023-12-19,41.47,Novo lançamento
354,Produto 354,Casa e Jardim,,88.0,2023-12-20,36.61,Novo lançamento
355,Produto 355,Roupas,357.1,49.0,2023-12-21,17.75,Produto popular
356,Produto 356,Alimentos,420.14,19.0,2023-12-22,34.92,Produto popular
357,Produto 357,Casa e Jardim,351.76,89.0,2023-12-23,19.76,Novo lançamento
358,Produto 358,Esportes,343.27,85.0,2023-12-24,47.64,nan
359,Produto 359,Eletrônicos,,12.0,2023-12-25,48.35,Novo lançamento
360,Produto 360,Esportes,,61.0,2023-12-26,,Produto popular
361,Produto 361,Casa e Jardim,87.72,,2023-12-27,42.71,Produto popular
362,Produto 362,Casa e Jardim,441.63,33.0,2023-12-28,38.65,Produto popular
363,Produto 363,Casa e Jardim,437.2,50.0,2023-12-29,15.5,nan
364,Produto 364,Esportes,24.33,68.0,2023-12-30,,Produto popular
365,Produto 365,Casa e Jardim,414.65,,2023-12-31,22.91,Produto popular
366,Produto 366,Esportes,73.15,86.0,2024-01-01,39.07,Novo lançamento
367,Produto 367,Casa e Jardim,174.21,33.0,2024-01-02,48.01,Novo lançamento
368,Produto 368,Alimentos,374.32,81.0,2024-01-03,38.18,Produto popular
369,Produto 369,Casa e Jardim,88.77,24.0,2024-01-04,42.76,Novo lançamento
370,Produto 370,Esportes,410.8,61.0,2024-01-05,30.15,Novo lançamento
371,Produto 371,Roupas,417.75,61.0,2024-01-06,41.77,Novo lançamento
372,Produto 372,Casa e Jardim,258.66,98.0,2024-01-07,39.22,nan
373,Produto 373,Roupas,13.13,,2024-01-08,18.85,Novo lançamento
374,Produto 374,Alimentos,150.65,58.0,2024-01-09,,Novo lançamento
375,Produto 375,Eletrônicos,,,2024-01-10,40.24,Produto popular
376,Produto 376,Alimentos,490.78,41.0,2024-01-11,2.3,nan
377,Produto 377,Casa e Jardim,319.59,39.0,2024-01-12,40.4,Novo lançamento
378,Produto 378,Roupas,137.3,86.0,2024-01-13,8.89,Produto popular
379,Produto 379,Roupas,320.66,49.0,2024-01-14,25.73,Novo lançamento
380,Produto 380,Esportes,274.59,17.0,2024-01-15,40.41,Produto popular
381,Produto 381,Roupas,392.12,98.0,2024-01-16,12.69,Novo lançamento
382,Produto 382,Esportes,62.42,70.0,2024-01-17,12.29,Novo lançamento
383,Produto 383,Eletrônicos,,70.0,2024-01-18,20.14,Produto popular
384,Produto 384,Casa e Jardim,275.22,98.0,2024-01-19,44.73,Produto popular
385,Produto 385,Esportes,,65.0,2024-01-20,0.02,Novo lançamento
386,Produto 386,Eletrônicos,177.52,74.0,2024-01-21,45.07,Novo lançamento
387,Produto 387,Roupas,319.98,85.0,2024-01-22,7.69,Novo lançamento
388,Produto 388,Roupas,466.69,5.0,2024-01-23,,Produto popular
389,Produto 389,Eletrônicos,60.23,2.0,2024-01-24,47.74,Produto popular
390,Produto 390,Roupas,469.24,22.0,2024-01-25,24.73,nan
391,Produto 391,Eletrônicos,347.06,57.0,2024-01-26,25.64,Novo lançamento
392,Produto 392,Esportes,43.24,66.0,2024-01-27,24.08,nan
393,Produto 393,Esportes,157.47,74.0,2024-01-28,31.77,Produto popular
394,Produto 394,Eletrônicos,357.0,98.0,2024-01-29,4.54,Novo lançamento
395,Produto 395,Esportes,43.0,16.0,2024-01-30,1.63,Novo lançamento
396,Produto 396,Esportes,295.26,51.0,2024-01-31,2.89,Produto popular
397,Produto 397,Esportes,179.48,39.0,2024-02-01,22.22,Produto popular
398,Produto 398,Alimentos,314.25,86.0,2024-02-02,13.78,Novo lançamento
399,Produto 399,Casa e Jardim,32.41,76.0,2024-02-03,31.1,Novo lançamento
400,Produto 400,Roupas,437.05,88.0,2024-02-04,,Produto popular
401,Produto 401,Alimentos,487.01,40.0,2024-02-05,19.32,Novo lançamento
402,Produto 402,Esportes,484.75,38.0,2024-02-06,28.69,Novo lançamento
403,Produto 403,Eletrônicos,377.33,60.0,2024-02-07,,Produto popular
404,Produto 404,Esportes,73.74,59.0,2024-02-08,42.36,Produto popular
405,Produto 405,Casa e Jardim,381.55,10.0,2024-02-09,45.11,Produto popular
406,Produto 406,Esportes,22.05,99.0,2024-02-10,43.87,Novo lançamento
407,Produto 407,Eletrônicos,20.84,64.0,2024-02-11,48.72,nan
408,Produto 408,Casa e Jardim,168.57,63.0,2024-02-12,1.38,Novo lançamento
409,Produto 409,Esportes,249.44,49.0,2024-02-13,,Novo lançamento
410,Produto 410,Casa e Jardim,387.5,64.0,2024-02-14,37.59,Produto popular
411,Produto 411,Roupas,344.81,32.0,2024-02-15,11.43,Novo lançamento
412,Produto 412,Roupas,228.49,7.0,2024-02-16,47.82,Novo lançamento
413,Produto 413,Esportes,,21.0,2024-02-17,7.41,nan
414,Produto 414,Casa e Jardim,498.59,20.0,2024-02-18,33.98,Produto popular
415,Produto 415,Eletrônicos,218.83,26.0,2024-02-19,11.24,Produto popular
416,Produto 416,Esportes,231.18,68.0,2024-02-20,21.57,Novo lançamento
417,Produto 417,Roupas,90.18,86.0,2024-02-21,,Novo lançamento
418,Produto 418,Roupas,399.46,15.0,2024-02-22,28.17,Produto popular
419,Produto 419,Esportes,349.9,85.0,2024-02-23,21.38,Novo lançamento
420,Produto 420,Casa e Jardim,118.18,79.0,2024-02-24,16.32,Produto popular
421,Produto 421,Roupas,50.37,86.0,2024-02-25,41.98,Produto popular
422,Produto 422,Casa e Jardim,343.44,92.0,2024-02-26,7.19,Produto popular
423,Produto 423,Roupas,330.71,14.0,2024-02-27,21.51,Produto popular
424,Produto 424,Roupas,143.9,27.0,2024-02-28,,Produto popular
425,Produto 425,Alimentos,475.92,40.0,2024-02-29,42.29,Novo lançamento
426,Produto 426,Roupas,84.02,58.0,2024-03-01,20.05,nan
427,Produto 427,Eletrônicos,221.84,28.0,2024-03-02,38.16,Novo lançamento
428,Produto 428,Esportes,472.37,26.0,2024-03-03,41.16,Produto popular
429,Produto 429,Esportes,215.67,63.0,2024-03-04,44.44,Produto popular
430,Produto 430,Casa e Jardim,322.88,66.0,2024-03-05,27.23,Produto popular
431,Produto 431,Roupas,204.82,25.0,2024-03-06,10.22,Novo lançamento
432,Produto 432,Eletrônicos,144.37,3.0,2024-03-07,12.77,nan
433,Produto 433,Casa e Jardim,492.15,72.0,2024-03-08,14.78,Produto popular
434,Produto 434,Alimentos,210.57,44.0,2024-03-09,29.69,Novo lançamento
435,Produto 435,Casa e Jardim,448.11,97.0,2024-03-10,1.64,Produto popular
436,Produto 436,Casa e Jardim,122.68,42.0,2024-03-11,31.8,Produto popular
437,Produto 437,Roupas,,99.0,2024-03-12,18.22,Novo lançamento
438,Produto 438,Alimentos,25.26,6.0,2024-03-13,14.76,nan
439,Produto 439,Casa e Jardim,329.32,39.0,2024-03-14,43.97,Produto popular
440,Produto 440,Eletrônicos,190.58,52.0,2024-03-15,,Produto popular
441,Produto 441,Eletrônicos,,,2024-03-16,4.75,Produto popular
442,Produto 442,Esportes,241.87,89.0,2024-03-17,41.34,Produto popular
443,Produto 443,Alimentos,484.41,50.0,2024-03-18,2.38,nan
444,Produto 444,Alimentos,100.91,,2024-03-19,36.34,Produto popular
445,Produto 445,Esportes,435.63,19.0,2024-03-20,38.7,nan
446,Produto 446,Casa e Jardim,390.53,69.0,2024-03-21,17.63,Novo lançamento
447,Produto 447,Alimentos,387.75,51.0,2024-03-22,41.24,Produto popular
448,Produto 448,Eletrônicos,423.94,11.0,2024-03-23,25.78,Produto popular
449,Produto 449,Eletrônicos,382.9,12.0,2024-03-24,23.16,Novo lançamento
450,Produto 450,Roupas,316.85,74.0,2024-03-25,2.27,Novo lançamento
451,Produto 451,Alimentos,74.31,,2024-03-26,14.5,nan
452,Produto 452,Casa e Jardim,25.94,24.0,2024-03-27,46.55,Novo lançamento
453,Produto 453,Esportes,461.22,92.0,2024-03-28,19.59,Produto popular
454,Produto 454,Esportes,,41.0,2024-03-29,27.34,Produto popular
455,Produto 455,Casa e Jardim,400.3,36.0,2024-03-30,26.6,Novo lançamento
456,Produto 456,Roupas,245.95,85.0,2024-03-31,29.52,Produto popular
457,Produto 457,Esportes,,72.0,2024-04-01,3.07,Produto popular
458,Produto 458,Alimentos,71.34,,2024-04-02,18.11,Produto popular
459,Produto 459,Roupas,345.93,9.0,2024-04-03,36.16,Produto popular
460,Produto 460,Alimentos,220.85,47.0,2024-04-04,10.03,Produto popular
461,Produto 461,Eletrônicos,108.26,15.0,2024-04-05,10.18,Novo lançamento
462,Produto 462,Roupas,250.88,,2024-04-06,0.5,Produto popular
463,Produto 463,Esportes,41.46,82.0,2024-04-07,21.87,Novo lançamento
464,Produto 464,Roupas,295.17,42.0,2024-04-08,44.14,Novo lançamento
465,Produto 465,Roupas,141.81,60.0,2024-04-09,2.6,Novo lançamento
466,Produto 466,Roupas,400.8,84.0,2024-04-10,9.56,Novo lançamento
467,Produto 467,Roupas,162.08,70.0,2024-04-11,15.5,Novo lançamento
468,Produto 468,Alimentos,233.06,12.0,2024-04-12,36.59,Produto popular
469,Produto 469,Eletrônicos,15.69,2.0,2024-04-13,32.03,Produto popular
470,Produto 470,Casa e Jardim,,7.0,2024-04-14,20.8,Produto popular
471,Produto 471,Roupas,202.32,80.0,2024-04-15,37.95,Novo lançamento
472,Produto 472,Esportes,245.17,3.0,2024-04-16,30.48,Novo lançamento
473,Produto 473,Roupas,304.01,3.0,2024-04-17,44.8,Produto popular
474,Produto 474,Esportes,152.91,27.0,2024-04-18,40.9,Produto popular
475,Produto 475,Alimentos,350.54,40.0,2024-04-19,12.64,Produto popular
476,Produto 476,Esportes,431.46,33.0,2024-04-20,13.57,Novo lançamento
477,Produto 477,Casa e Jardim,392.13,92.0,2024-04-21,6.27,Produto popular
478,Produto 478,Eletrônicos,29.41,1.0,2024-04-22,,Novo lançamento
479,Produto 479,Esportes,245.45,8.0,2024-04-23,49.98,Novo lançamento
480,Produto 480,Esportes,61.42,32.0,2024-04-24,20.29,Produto popular
481,Produto 481,Eletrônicos,128.6,,2024-04-25,11.02,Produto popular
482,Produto 482,Casa e Jardim,493.46,4.0,2024-04-26,38.12,Produto popular
483,Produto 483,Roupas,79.82,94.0,2024-04-27,27.12,Produto popular
484,Produto 484,Esportes,254.46,70.0,2024-04-28,7.48,Produto popular
485,Produto 485,Eletrônicos,312.9,19.0,2024-04-29,19.03,nan
486,Produto 486,Alimentos,354.21,32.0,2024-04-30,,Novo lançamento
487,Produto 487,Eletrônicos,284.23,9.0,2024-05-01,37.69,Produto popular
488,Produto 488,Alimentos,14.79,12.0,2024-05-02,1.03,Produto popular
489,Produto 489,Casa e Jardim,169.97,11.0,2024-05-03,13.45,Novo lançamento
490,Produto 490,Roupas,,46.0,2024-05-04,25.88,Novo lançamento
491,Produto 491,Eletrônicos,53.05,16.0,2024-05-05,,Produto popular
492,Produto 492,Esportes,181.81,1.0,2024-05-06,31.42,Novo lançamento
493,Produto 493,Casa e Jardim,,63.0,2024-05-07,24.09,Produto popular
494,Produto 494,Eletrônicos,48.5,21.0,2024-05-08,18.09,Novo lançamento
495,Produto 495,Esportes,,30.0,2024-05-09,47.46,Novo lançamento
496,Produto 496,Eletrônicos,75.03,13.0,2024-05-10,31.61,Novo lançamento
497,Produto 497,Alimentos,288.1,34.0,2024-05-11,6.5,Produto popular
498,Produto 498,Eletrônicos,347.84,4.0,2024-05-12,28.0,Novo lançamento
499,Produto 499,Eletrônicos,402.29,28.0,2024-05-13,39.04,nan
500,Produto 500,Eletrônicos,,95.0,2024-05-14,35.42,Produto popular
501,Produto 501,Casa e Jardim,92.07,59.0,2024-05-15,8.6,Produto popular
502,Produto 502,Eletrônicos,61.24,27.0,2024-05-16,,nan
503,Produto 503,Esportes,321.85,69.0,2024-05-17,22.44,Produto popular
504,Produto 504,Alimentos,356.17,25.0,2024-05-18,7.95,Novo lançamento
505,Produto 505,Alimentos,,3.0,2024-05-19,9.01,Novo lançamento
506,Produto 506,Eletrônicos,468.74,97.0,2024-05-20,4.91,Produto popular
507,Produto 507,Casa e Jardim,35.47,68.0,2024-05-21,,Produto popular
508,Produto 508,Casa e Jardim,275.24,25.0,2024-05-22,6.1,Produto popular
509,Produto 509,Esportes,357.44,20.0,2024-05-23,6.26,Produto popular
510,Produto 510,Eletrônicos,436.77,,2024-05-24,42.52,nan
511,Produto 511,Alimentos,359.9,26.0,2024-05-25,17.23,Novo lançamento
512,Produto 512,Casa e Jardim,402.85,,2024-05-26,,Produto popular
513,Produto 513,Eletrônicos,176.33,99.0,2024-05-27,2.59,Produto popular
514,Produto 514,Casa e Jardim,409.26,,2024-05-28,7.11,nan
515,Produto 515,Casa e Jardim,49.26,92.0,2024-05-29,10.67,Novo lançamento
516,Produto 516,Alimentos,,93.0,2024-05-30,33.26,Novo lançamento
517,Produto 517,Roupas,278.32,9.0,2024-05-31,,Novo lançamento
518,Produto 518,Esportes,,50.0,2024-06-01,5.94,Novo lançamento
519,Produto 519,Esportes,231.64,,2024-06-02,38.24,Produto popular
520,Produto 520,Alimentos,325.35,83.0,2024-06-03,33.55,Produto popular
521,Produto 521,Casa e Jardim,267.94,60.0,2024-06-04,21.77,Novo lançamento
522,Produto 522,Eletrônicos,368.48,44.0,2024-06-05,27.47,Produto popular
523,Produto 523,Casa e Jardim,50.0,11.0,2024-06-06,15.6,Novo lançamento
524,Produto 524,Alimentos,39.57,66.0,2024-06-07,24.13,nan
525,Produto 525,Esportes,131.08,47.0,2024-06-08,,nan
526,Produto 526,Casa e Jardim,,73.0,2024-06-09,,Produto popular
527,Produto 527,Esportes,437.17,85.0,2024-06-10,45.33,Novo lançamento
528,Produto 528,Eletrônicos,117.41,88.0,2024-06-11,0.8,Novo lançamento
529,Produto 529,Esportes,488.17,98.0,2024-06-12,39.11,Produto popular
530,Produto 530,Esportes,175.08,86.0,2024-06-13,6.22,Produto popular
531,Produto 531,Roupas,99.24,3.0,2024-06-14,39.88,Produto popular
532,Produto 532,Roupas,396.95,76.0,2024-06-15,30.8,nan
533,Produto 533,Roupas,332.77,92.0,2024-06-16,42.16,Produto popular
534,Produto 534,Esportes,254.12,30.0,2024-06-17,4.88,Produto popular
535,Produto 535,Alimentos,282.13,,2024-06-18,27.95,Produto popular
536,Produto 536,Esportes,362.41,21.0,2024-06-19,25.05,Produto popular
537,Produto 537,Alimentos,121.94,28.0,2024-06-20,35.31,Produto popular
538,Produto 538,Alimentos,498.2,90.0,2024-06-21,26.71,nan
539,Produto 539,Roupas,487.65,62.0,2024-06-22,27.04,nan
540,Produto 540,Casa e Jardim,328.66,33.0,2024-06-23,21.48,Produto popular
541,Produto 541,Eletrônicos,,85.0,2024-06-24,15.44,nan
542,Produto 542,Roupas,343.31,35.0,2024-06-25,24.11,Novo lançamento
543,Produto 543,Roupas,45.38,52.0,2024-06-26,5.92,Produto popular
544,Produto 544,Casa e Jardim,25.02,34.0,2024-06-27,,Produto popular
545,Produto 545,Eletrônicos,136.26,41.0,2024-06-28,35.72,Produto popular
546,Produto 546,Esportes,236.69,51.0,2024-06-29,47.62,Novo lançamento
547,Produto 547,Esportes,435.45,47.0,2024-06-30,11.34,Novo lançamento
548,Produto 548,Roupas,366.31,82.0,2024-07-01,43.97,Novo lançamento
549,Produto 549,Eletrônicos,,,2024-07-02,40.44,Novo lançamento
550,Produto 550,Roupas,218.49,75.0,2024-07-03,,Produto popular
551,Produto 551,Alimentos,179.51,57.0,2024-07-04,31.25,Novo lançamento
552,Produto 552,Roupas,191.81,23.0,2024-07-05,15.83,Novo lançamento
553,Produto 553,Roupas,493.95,,2024-07-06,40.82,Produto popular
554,Produto 554,Esportes,29.65,22.0,2024-07-07,25.08,Produto popular
555,Produto 555,Esportes,434.85,17.0,2024-07-08,3.54,Produto popular
556,Produto 556,Esportes,293.55,69.0,2024-07-09,15.64,Novo lançamento
557,Produto 557,Alimentos,224.92,11.0,2024-07-10,46.76,Produto popular
558,Produto 558,Esportes,365.38,94.0,2024-07-11,42.53,Novo lançamento
559,Produto 559,Eletrônicos,248.47,15.0,2024-07-12,49.1,Produto popular
560,Produto 560,Casa e Jardim,437.98,91.0,2024-07-13,31.4,Produto popular
561,Produto 561,Eletrônicos,451.34,35.0,2024-07-14,12.38,Produto popular
562,Produto 562,Eletrônicos,216.64,33.0,2024-07-15,8.14,Produto popular
563,Produto 563,Esportes,,84.0,2024-07-16,9.35,Novo lançamento
564,Produto 564,Casa e Jardim,300.25,16.0,2024-07-17,0.99,Novo lançamento
565,Produto 565,Casa e Jardim,457.06,34.0,2024-07-18,19.53,Produto popular
566,Produto 566,Casa e Jardim,,66.0,2024-07-19,9.57,Novo lançamento
567,Produto 567,Alimentos,,99.0,2024-07-20,20.58,Produto popular
568,Produto 568,Esportes,319.46,40.0,2024-07-21,46.75,Novo lançamento
569,Produto 569,Casa e Jardim,369.23,28.0,2024-07-22,21.53,Produto popular
570,Produto 570,Alimentos,74.47,47.0,2024-07-23,43.9,Produto popular
571,Produto 571,Roupas,360.75,39.0,2024-07-24,30.28,Produto popular
572,Produto 572,Roupas,,70.0,2024-07-25,12.36,Produto popular
573,Produto 573,Alimentos,98.04,73.0,2024-07-26,17.79,Produto popular
574,Produto 574,Alimentos,126.4,,2024-07-27,4.2,Novo lançamento
575,Produto 575,Esportes,485.98,1.0,2024-07-28,,Novo lançamento
576,Produto 576,Esportes,98.68,72.0,2024-07-29,33.88,Novo lançamento
577,Produto 577,Roupas,428.65,87.0,2024-07-30,3.61,Produto popular
578,Produto 578,Casa e Jardim,251.22,63.0,2024-07-31,10.27,Produto popular
579,Produto 579,Roupas,,67.0,2024-08-01,19.07,Produto popular
580,Produto 580,Casa e Jardim,436.67,4.0,2024-08-02,49.1,nan
581,Produto 581,Casa e Jardim,,58.0,2024-08-03,39.24,Novo lançamento
582,Produto 582,Esportes,262.26,25.0,2024-08-04,36.67,Produto popular
583,Produto 583,Eletrônicos,186.02,,2024-08-05,5.81,nan
584,Produto 584,Eletrônicos,300.55,,2024-08-06,39.05,nan
585,Produto 585,Alimentos,90.13,,2024-08-07,39.26,Novo lançamento
586,Produto 586,Esportes,201.63,63.0,2024-08-08,30.06,nan
587,Produto 587,Casa e Jardim,485.01,,2024-08-09,49.52,Produto popular
588,Produto 588,Eletrônicos,136.49,99.0,2024-08-10,16.26,Produto popular
589,Produto 589,Casa e Jardim,331.8,57.0,2024-08-11,47.06,Produto popular
590,Produto 590,Eletrônicos,169.34,53.0,2024-08-12,45.74,Produto popular
591,Produto 591,Eletrônicos,389.0,46.0,2024-08-13,0.57,Produto popular
592,Produto 592,Eletrônicos,,14.0,2024-08-14,22.51,Novo lançamento
593,Produto 593,Esportes,,76.0,2024-08-15,48.86,Produto popular
594,Produto 594,Roupas,232.36,,2024-08-16,5.16,Novo lançamento
595,Produto 595,Casa e Jardim,125.66,39.0,2024-08-17,27.39,Novo lançamento
596,Produto 596,Esportes,46.01,9.0,2024-08-18,48.95,Novo lançamento
597,Produto 597,Esportes,93.18,99.0,2024-08-19,27.77,Produto popular
598,Produto 598,Esportes,264.69,77.0,2024-08-20,9.49,Produto popular
599,Produto 599,Esportes,175.13,79.0,2024-08-21,29.11,Novo lançamento
600,Produto 600,Esportes,416.15,82.0,2024-08-22,10.22,Novo lançamento
601,Produto 601,Alimentos,221.13,97.0,2024-08-23,25.99,Produto popular
602,Produto 602,Casa e Jardim,131.87,,2024-08-24,3.7,Novo lançamento
603,Produto 603,Esportes,312.4,91.0,2024-08-25,30.27,nan
604,Produto 604,Casa e Jardim,356.32,23.0,2024-08-26,25.84,Produto popular
605,Produto 605,Alimentos,91.85,59.0,2024-08-27,37.01,Produto popular
606,Produto 606,Alimentos,,91.0,2024-08-28,31.54,Produto popular
607,Produto 607,Casa e Jardim,27.97,98.0,2024-08-29,27.48,nan
608,Produto 608,Eletrônicos,,46.0,2024-08-30,34.49,Novo lançamento
609,Produto 609,Roupas,335.26,38.0,2024-08-31,,Produto popular
610,Produto 610,Eletrônicos,242.57,14.0,2024-09-01,29.77,Produto popular
611,Produto 611,Eletrônicos,423.64,72.0,2024-09-02,8.61,Produto popular
612,Produto 612,Eletrônicos,404.78,,2024-09-03,46.28,Produto popular
613,Produto 613,Esportes,296.82,,2024-09-04,3.42,Produto popular
614,Produto 614,Alimentos,435.45,19.0,2024-09-05,21.52,Novo lançamento
615,Produto 615,Eletrônicos,110.86,30.0,2024-09-06,34.79,Novo lançamento
616,Produto 616,Alimentos,64.84,78.0,2024-09-07,22.9,Novo lançamento
617,Produto 617,Casa e Jardim,142.18,84.0,2024-09-08,4.6,Novo lançamento
618,Produto 618,Roupas,37.97,25.0,2024-09-09,,Produto popular
619,Produto 619,Casa e Jardim,270.27,40.0,2024-09-10,32.08,nan
620,Produto 620,Casa e Jardim,468.94,88.0,2024-09-11,35.19,Produto popular
621,Produto 621,Esportes,29.28,14.0,2024-09-12,18.66,nan
622,Produto 622,Roupas,69.83,26.0,2024-09-13,28.18,Novo lançamento
623,Produto 623,Casa e Jardim,231.58,87.0,2024-09-14,22.53,Produto popular
624,Produto 624,Casa e Jardim,467.6,22.0,2024-09-15,,Produto popular
625,Produto 625,Roupas,164.92,48.0,2024-09-16,29.18,Novo lançamento
626,Produto 626,Roupas,,83.0,2024-09-17,,Novo lançamento
627,Produto 627,Casa e Jardim,30.37,51.0,2024-09-18,12.48,Novo lançamento
628,Produto 628,Roupas,82.69,3.0,2024-09-19,0.1,nan
629,Produto 629,Casa e Jardim,493.45,42.0,2024-09-20,8.7,nan
630,Produto 630,Casa e Jardim,482.91,19.0,2024-09-21,5.85,Produto popular
631,Produto 631,Esportes,,73.0,2024-09-22,22.45,Produto popular
632,Produto 632,Eletrônicos,476.39,28.0,2024-09-23,30.61,nan
633,Produto 633,Casa e Jardim,323.17,84.0,2024-09-24,10.65,Produto popular
634,Produto 634,Alimentos,435.28,45.0,2024-09-25,46.95,Novo lançamento
635,Produto 635,Eletrônicos,232.82,71.0,2024-09-26,0.33,Produto popular
636,Produto 636,Eletrônicos,262.64,78.0,2024-09-27,38.62,Novo lançamento
637,Produto 637,Eletrônicos,249.53,63.0,2024-09-28,31.26,Novo lançamento
638,Produto 638,Esportes,336.76,73.0,2024-09-29,18.68,Produto popular
639,Produto 639,Casa e Jardim,78.43,19.0,2024-09-30,,Novo lançamento
640,Produto 640,Esportes,24.69,47.0,2024-10-01,,Produto popular
641,Produto 641,Casa e Jardim,160.89,,2024-10-02,19.28,Produto popular
642,Produto 642,Esportes,355.29,38.0,2024-10-03,46.81,Novo lançamento
643,Produto 643,Esportes,108.91,53.0,2024-10-04,,Produto popular
644,Produto 644,Alimentos,339.98,61.0,2024-10-05,46.98,Novo lançamento
645,Produto 645,Esportes,,36.0,2024-10-06,11.02,Produto popular
646,Produto 646,Roupas,56.01,40.0,2024-10-07,36.29,Novo lançamento
647,Produto 647,Alimentos,339.58,81.0,2024-10-08,30.86,Produto popular
648,Produto 648,Esportes,227.44,30.0,2024-10-09,36.97,Produto popular
649,Produto 649,Eletrônicos,435.39,9.0,2024-10-10,10.73,nan
650,Produto 650,Roupas,96.8,64.0,2024-10-11,,Novo lançamento
651,Produto 651,Roupas,349.39,33.0,2024-10-12,24.9,Novo lançamento
652,Produto 652,Roupas,420.68,52.0,2024-10-13,,Novo lançamento
653,Produto 653,Alimentos,472.86,89.0,2024-10-14,16.35,Produto popular
654,Produto 654,Esportes,344.79,14.0,2024-10-15,44.5,Novo lançamento
655,Produto 655,Esportes,253.62,75.0,2024-10-16,4.22,Novo lançamento
656,Produto 656,Eletrônicos,312.75,53.0,2024-10-17,40.36,Novo lançamento
657,Produto 657,Eletrônicos,,99.0,2024-10-18,43.07,Produto popular
658,Produto 658,Roupas,289.6,59.0,2024-10-19,,Novo lançamento
659,Produto 659,Eletrônicos,24.89,78.0,2024-10-20,25.64,Novo lançamento
660,Produto 660,Alimentos,466.16,94.0,2024-10-21,21.92,Produto popular
661,Produto 661,Esportes,347.87,,2024-10-22,49.81,Novo lançamento
662,Produto 662,Roupas,341.49,68.0,2024-10-23,11.46,Novo lançamento
663,Produto 663,Eletrônicos,115.68,68.0,2024-10-24,27.34,Produto popular
664,Produto 664,Alimentos,332.85,92.0,2024-10-25,33.53,nan
665,Produto 665,Alimentos,202.99,8.0,2024-10-26,35.04,Produto popular
666,Produto 666,Eletrônicos,329.1,2.0,2024-10-27,10.2,Produto popular
667,Produto 667,Esportes,62.23,86.0,2024-10-28,32.7,Novo lançamento
668,Produto 668,Eletrônicos,332.34,41.0,2024-10-29,40.92,Produto popular
669,Produto 669,Roupas,499.71,55.0,2024-10-30,2.5,Novo lançamento
670,Produto 670,Eletrônicos,33.62,16.0,2024-10-31,45.58,Novo lançamento
671,Produto 671,Alimentos,488.82,93.0,2024-11-01,1.48,Produto popular
672,Produto 672,Eletrônicos,209.38,62.0,2024-11-02,17.8,Novo lançamento
673,Produto 673,Esportes,436.67,48.0,2024-11-03,0.79,Novo lançamento
674,Produto 674,Casa e Jardim,393.37,30.0,2024-11-04,3.86,Novo lançamento
675,Produto 675,Eletrônicos,287.84,12.0,2024-11-05,45.56,Novo lançamento
676,Produto 676,Esportes,371.84,,2024-11-06,17.74,Novo lançamento
677,Produto 677,Esportes,440.47,11.0,2024-11-07,21.24,Novo lançamento
678,Produto 678,Alimentos,208.03,64.0,2024-11-08,10.77,Produto popular
679,Produto 679,Esportes,170.25,50.0,2024-11-09,29.85,Novo lançamento
680,Produto 680,Esportes,337.12,85.0,2024-11-10,29.74,Novo lançamento
681,Produto 681,Esportes,405.84,21.0,2024-11-11,18.61,Novo lançamento
682,Produto 682,Esportes,383.52,69.0,2024-11-12,16.65,Produto popular
683,Produto 683,Roupas,400.93,48.0,2024-11-13,,Novo lançamento
684,Produto 684,Roupas,223.44,20.0,2024-11-14,19.16,nan
685,Produto 685,Alimentos,,67.0,2024-11-15,24.68,Novo lançamento
686,Produto 686,Eletrônicos,68.9,44.0,2024-11-16,14.17,Produto popular
687,Produto 687,Esportes,276.8,33.0,2024-11-17,39.34,Produto popular
688,Produto 688,Eletrônicos,12.82,73.0,2024-11-18,19.87,Produto popular
689,Produto 689,Eletrônicos,169.05,61.0,2024-11-19,25.68,nan
690,Produto 690,Alimentos,189.57,,2024-11-20,12.67,Novo lançamento
691,Produto 691,Esportes,204.12,68.0,2024-11-21,49.38,Novo lançamento
692,Produto 692,Esportes,350.78,35.0,2024-11-22,14.57,Novo lançamento
693,Produto 693,Casa e Jardim,200.39,81.0,2024-11-23,38.54,Produto popular
694,Produto 694,Eletrônicos,229.86,98.0,2024-11-24,21.37,Produto popular
695,Produto 695,Eletrônicos,126.4,88.0,2024-11-25,10.31,Novo lançamento
696,Produto 696,Roupas,192.89,96.0,2024-11-26,39.99,Novo lançamento
697,Produto 697,Casa e Jardim,121.36,65.0,2024-11-27,16.68,Produto popular
698,Produto 698,Roupas,45.87,8.0,2024-11-28,43.26,Produto popular
699,Produto 699,Roupas,305.69,45.0,2024-11-29,45.76,Produto popular
700,Produto 700,Roupas,337.42,87.0,2024-11-30,42.99,Novo lançamento
701,Produto 701,Alimentos,313.55,47.0,2024-12-01,1.75,Novo lançamento
702,Produto 702,Alimentos,237.11,40.0,2024-12-02,39.37,Produto popular
703,Produto 703,Roupas,196.1,76.0,2024-12-03,20.57,Produto popular
704,Produto 704,Casa e Jardim,433.03,54.0,2024-12-04,43.69,Novo lançamento
705,Produto 705,Eletrônicos,264.35,,2024-12-05,31.9,nan
706,Produto 706,Casa e Jardim,244.8,,2024-12-06,41.68,Produto popular
707,Produto 707,Esportes,22.56,47.0,2024-12-07,24.97,Novo lançamento
708,Produto 708,Alimentos,177.21,15.0,2024-12-08,26.75,Produto popular
709,Produto 709,Eletrônicos,196.3,19.0,2024-12-09,7.22,nan
710,Produto 710,Eletrônicos,205.42,26.0,2024-12-10,39.2,Novo lançamento
711,Produto 711,Esportes,294.28,,2024-12-11,20.97,Novo lançamento
712,Produto 712,Esportes,271.47,93.0,2024-12-12,25.0,Novo lançamento
713,Produto 713,Roupas,307.87,,2024-12-13,39.25,Novo lançamento
714,Produto 714,Alimentos,384.79,21.0,2024-12-14,29.94,Novo lançamento
715,Produto 715,Alimentos,408.36,51.0,2024-12-15,10.05,Novo lançamento
716,Produto 716,Casa e Jardim,361.88,38.0,2024-12-16,29.51,Produto popular
717,Produto 717,Roupas,478.21,20.0,2024-12-17,20.38,Novo lançamento
718,Produto 718,Roupas,18.93,29.0,2024-12-18,23.48,Novo lançamento
719,Produto 719,Roupas,105.93,51.0,2024-12-19,1.42,Produto popular
720,Produto 720,Roupas,13.71,4.0,2024-12-20,10.5,Produto popular
721,Produto 721,Alimentos,327.26,55.0,2024-12-21,14.05,Produto popular
722,Produto 722,Alimentos,450.03,71.0,2024-12-22,35.65,Produto popular
723,Produto 723,Roupas,129.31,92.0,2024-12-23,,nan
724,Produto 724,Casa e Jardim,464.25,28.0,2024-12-24,,Novo lançamento
725,Produto 725,Eletrônicos,39.53,4.0,2024-12-25,,Novo lançamento
726,Produto 726,Eletrônicos,467.87,22.0,2024-12-26,5.59,Produto popular
727,Produto 727,Casa e Jardim,182.3,76.0,2024-12-27,25.82,nan
728,Produto 728,Roupas,59.7,45.0,2024-12-28,39.33,nan
729,Produto 729,Alimentos,248.08,67.0,2024-12-29,47.13,Novo lançamento
730,Produto 730,Eletrônicos,135.82,86.0,2024-12-30,37.34,Produto popular
731,Produto 731,Esportes,149.59,66.0,2024-12-31,36.03,Produto popular
732,Produto 732,Esportes,160.57,88.0,2025-01-01,41.32,Produto popular
733,Produto 733,Casa e Jardim,403.48,34.0,2025-01-02,22.31,Produto popular
734,Produto 734,Roupas,274.19,91.0,2025-01-03,40.29,Produto popular
735,Produto 735,Eletrônicos,162.54,55.0,2025-01-04,0.4,Novo lançamento
736,Produto 736,Roupas,309.06,1.0,2025-01-05,46.23,Novo lançamento
737,Produto 737,Eletrônicos,360.91,72.0,2025-01-06,22.17,Novo lançamento
738,Produto 738,Casa e Jardim,143.59,87.0,2025-01-07,27.67,Produto popular
739,Produto 739,Casa e Jardim,212.64,38.0,2025-01-08,12.74,Novo lançamento
740,Produto 740,Esportes,69.72,6.0,2025-01-09,37.13,Novo lançamento
741,Produto 741,Roupas,98.76,86.0,2025-01-10,3.83,Produto popular
742,Produto 742,Esportes,343.75,25.0,2025-01-11,43.63,Novo lançamento
743,Produto 743,Roupas,98.9,82.0,2025-01-12,41.41,Produto popular
744,Produto 744,Esportes,267.33,17.0,2025-01-13,10.8,Novo lançamento
745,Produto 745,Alimentos,,61.0,2025-01-14,40.47,Produto popular
746,Produto 746,Alimentos,62.37,12.0,2025-01-15,,Novo lançamento
747,Produto 747,Alimentos,287.98,6.0,2025-01-16,31.61,nan
748,Produto 748,Alimentos,135.72,90.0,2025-01-17,18.68,Novo lançamento
749,Produto 749,Eletrônicos,481.83,27.0,2025-01-18,13.57,Novo lançamento
750,Produto 750,Alimentos,246.94,8.0,2025-01-19,11.59,Novo lançamento
751,Produto 751,Casa e Jardim,404.94,83.0,2025-01-20,15.93,Produto popular
752,Produto 752,Casa e Jardim,279.61,65.0,2025-01-21,45.18,Produto popular
753,Produto 753,Eletrônicos,31.27,57.0,2025-01-22,3.88,Novo lançamento
754,Produto 754,Alimentos,320.24,93.0,2025-01-23,41.44,Produto popular
755,Produto 755,Alimentos,476.19,,2025-01-24,17.44,Produto popular
756,Produto 756,Alimentos,304.79,40.0,2025-01-25,26.08,Novo lançamento
757,Produto 757,Esportes,411.4,14.0,2025-01-26,39.72,Produto popular
758,Produto 758,Roupas,443.26,35.0,2025-01-27,44.22,Produto popular
759,Produto 759,Esportes,121.76,48.0,2025-01-28,17.24,Produto popular
760,Produto 760,Roupas,113.9,,2025-01-29,23.09,Produto popular
761,Produto 761,Alimentos,309.38,,2025-01-30,20.73,Novo lançamento
762,Produto 762,Alimentos,211.4,49.0,2025-01-31,,Novo lançamento
763,Produto 763,Esportes,,,2025-02-01,14.8,Novo lançamento
764,Produto 764,Esportes,451.01,61.0,2025-02-02,22.96,Novo lançamento
765,Produto 765,Roupas,183.18,49.0,2025-02-03,20.55,Produto popular
766,Produto 766,Casa e Jardim,126.07,46.0,2025-02-04,36.1,nan
767,Produto 767,Roupas,392.46,62.0,2025-02-05,19.24,nan
768,Produto 768,Esportes,144.65,8.0,2025-02-06,24.47,Produto popular
769,Produto 769,Esportes,413.08,43.0,2025-02-07,,Novo lançamento
770,Produto 770,Eletrônicos,217.63,20.0,2025-02-08,37.03,Produto popular
771,Produto 771,Esportes,337.1,97.0,2025-02-09,43.15,Produto popular
772,Produto 772,Eletrônicos,56.81,90.0,2025-02-10,26.59,Produto popular
773,Produto 773,Casa e Jardim,315.69,39.0,2025-02-11,39.47,Novo lançamento
774,Produto 774,Roupas,231.37,85.0,2025-02-12,14.84,Novo lançamento
775,Produto 775,Roupas,297.44,,2025-02-13,27.07,Produto popular
776,Produto 776,Eletrônicos,92.33,64.0,2025-02-14,17.26,Novo lançamento
777,Produto 777,Roupas,371.07,62.0,2025-02-15,20.71,Produto popular
778,Produto 778,Esportes,432.77,54.0,2025-02-16,36.62,Produto popular
779,Produto 779,Alimentos,116.2,9.0,2025-02-17,44.08,Novo lançamento
780,Produto 780,Eletrônicos,56.9,88.0,2025-02-18,6.07,nan
781,Produto 781,Roupas,21.58,37.0,2025-02-19,31.73,Novo lançamento
782,Produto 782,Eletrônicos,324.57,49.0,2025-02-20,29.11,Novo lançamento
783,Produto 783,Eletrônicos,307.48,41.0,2025-02-21,5.92,Novo lançamento
784,Produto 784,Alimentos,277.88,17.0,2025-02-22,10.59,Novo lançamento
785,Produto 785,Esportes,123.65,88.0,2025-02-23,15.55,Produto popular
786,Produto 786,Eletrônicos,,21.0,2025-02-24,,Novo lançamento
787,Produto 787,Roupas,301.29,51.0,2025-02-25,12.19,Produto popular
788,Produto 788,Casa e Jardim,253.42,59.0,2025-02-26,13.38,Novo lançamento
789,Produto 789,Eletrônicos,494.01,39.0,2025-02-27,16.78,Novo lançamento
790,Produto 790,Eletrônicos,76.86,55.0,2025-02-28,37.47,Novo lançamento
791,Produto 791,Alimentos,350.62,41.0,2025-03-01,28.6,Novo lançamento
792,Produto 792,Esportes,208.12,39.0,2025-03-02,49.31,Produto popular
793,Produto 793,Casa e Jardim,219.82,13.0,2025-03-03,20.74,Novo lançamento
794,Produto 794,Roupas,361.62,64.0,2025-03-04,37.69,Novo lançamento
795,Produto 795,Casa e Jardim,,11.0,2025-03-05,43.57,Novo lançamento
796,Produto 796,Roupas,495.72,19.0,2025-03-06,33.95,Novo lançamento
797,Produto 797,Esportes,72.91,11.0,2025-03-07,20.59,Produto popular
798,Produto 798,Roupas,61.01,77.0,2025-03-08,37.68,Produto popular
799,Produto 799,Alimentos,364.93,46.0,2025-03-09,10.18,Novo lançamento
800,Produto 800,Alimentos,293.41,45.0,2025-03-10,16.38,Novo lançamento
801,Produto 801,Alimentos,144.34,1.0,2025-03-11,27.33,Produto popular
802,Produto 802,Alimentos,48.92,,2025-03-12,28.77,Novo lançamento
803,Produto 803,Casa e Jardim,,19.0,2025-03-13,1.11,Produto popular
804,Produto 804,Esportes,448.15,76.0,2025-03-14,47.26,Novo lançamento
805,Produto 805,Roupas,104.01,72.0,2025-03-15,34.83,Produto popular
806,Produto 806,Roupas,168.45,72.0,2025-03-16,,nan
807,Produto 807,Alimentos,121.06,,2025-03-17,46.66,Produto popular
808,Produto 808,Alimentos,183.95,12.0,2025-03-18,21.95,nan
809,Produto 809,Eletrônicos,,61.0,2025-03-19,49.02,Produto popular
810,Produto 810,Esportes,264.34,33.0,2025-03-20,,Produto popular
811,Produto 811,Casa e Jardim,43.13,45.0,2025-03-21,5.71,Produto popular
812,Produto 812,Roupas,402.17,90.0,2025-03-22,,Novo lançamento
813,Produto 813,Eletrônicos,124.52,92.0,2025-03-23,33.94,Novo lançamento
814,Produto 814,Eletrônicos,274.61,,2025-03-24,38.65,Produto popular
815,Produto 815,Roupas,441.24,8.0,2025-03-25,47.57,Novo lançamento
816,Produto 816,Casa e Jardim,328.93,25.0,2025-03-26,38.82,nan
817,Produto 817,Eletrônicos,271.15,91.0,2025-03-27,30.57,Novo lançamento
818,Produto 818,Eletrônicos,,46.0,2025-03-28,42.87,Novo lançamento
819,Produto 819,Esportes,173.17,87.0,2025-03-29,33.66,Produto popular
820,Produto 820,Casa e Jardim,338.05,30.0,2025-03-30,,Produto popular
821,Produto 821,Eletrônicos,497.13,47.0,2025-03-31,44.28,Produto popular
822,Produto 822,Casa e Jardim,334.3,87.0,2025-04-01,11.1,Produto popular
823,Produto 823,Roupas,283.31,49.0,2025-04-02,35.73,Novo lançamento
824,Produto 824,Alimentos,368.02,47.0,2025-04-03,44.08,Produto popular
825,Produto 825,Eletrônicos,237.95,84.0,2025-04-04,36.57,Produto popular
826,Produto 826,Esportes,39.47,82.0,2025-04-05,34.86,Produto popular
827,Produto 827,Roupas,285.53,18.0,2025-04-06,37.63,Produto popular
828,Produto 828,Casa e Jardim,479.24,66.0,2025-04-07,23.25,Produto popular
829,Produto 829,Roupas,95.9,68.0,2025-04-08,43.71,Produto popular
830,Produto 830,Eletrônicos,348.1,94.0,2025-04-09,10.17,Novo lançamento
831,Produto 831,Casa e Jardim,108.46,,2025-04-10,6.37,Produto popular
832,Produto 832,Alimentos,272.56,,2025-04-11,14.28,Produto popular
833,Produto 833,Roupas,57.37,82.0,2025-04-12,26.58,Novo lançamento
834,Produto 834,Eletrônicos,,19.0,2025-04-13,,nan
835,Produto 835,Esportes,,28.0,2025-04-14,41.03,Novo lançamento
836,Produto 836,Casa e Jardim,180.31,40.0,2025-04-15,20.23,Novo lançamento
837,Produto 837,Roupas,335.81,,2025-04-16,,Produto popular
838,Produto 838,Roupas,,97.0,2025-04-17,0.67,nan
839,Produto 839,Alimentos,464.32,76.0,2025-04-18,20.49,Produto popular
840,Produto 840,Alimentos,124.97,15.0,2025-04-19,32.39,nan
841,Produto 841,Esportes,205.66,41.0,2025-04-20,0.78,Produto popular
842,Produto 842,Esportes,84.68,,2025-04-21,14.04,Produto popular
843,Produto 843,Eletrônicos,496.32,2.0,2025-04-22,10.4,Produto popular
844,Produto 844,Eletrônicos,464.23,63.0,2025-04-23,2.1,Produto popular
845,Produto 845,Esportes,274.58,29.0,2025-04-24,23.96,Novo lançamento
846,Produto 846,Esportes,422.6,74.0,2025-04-25,9.09,Novo lançamento
847,Produto 847,Casa e Jardim,265.27,66.0,2025-04-26,37.15,Produto popular
848,Produto 848,Alimentos,315.56,51.0,2025-04-27,42.4,Produto popular
849,Produto 849,Eletrônicos,53.67,75.0,2025-04-28,27.28,Novo lançamento
850,Produto 850,Alimentos,380.08,77.0,2025-04-29,49.09,Novo lançamento
851,Produto 851,Alimentos,72.58,10.0,2025-04-30,22.52,Novo lançamento
852,Produto 852,Esportes,414.77,14.0,2025-05-01,,Produto popular
853,Produto 853,Casa e Jardim,393.19,,2025-05-02,49.46,Novo lançamento
854,Produto 854,Roupas,357.28,51.0,2025-05-03,11.58,Produto popular
855,Produto 855,Casa e Jardim,27.72,73.0,2025-05-04,47.13,Produto popular
856,Produto 856,Casa e Jardim,158.53,,2025-05-05,2.14,Produto popular
857,Produto 857,Alimentos,,28.0,2025-05-06,22.32,Produto popular
858,Produto 858,Casa e Jardim,,3.0,2025-05-07,3.5,Produto popular
859,Produto 859,Eletrônicos,,84.0,2025-05-08,36.46,Produto popular
860,Produto 860,Alimentos,469.11,70.0,2025-05-09,30.42,Novo lançamento
861,Produto 861,Eletrônicos,281.36,27.0,2025-05-10,35.33,Novo lançamento
862,Produto 862,Roupas,159.71,2.0,2025-05-11,18.72,Produto popular
863,Produto 863,Alimentos,204.52,93.0,2025-05-12,18.47,Produto popular
864,Produto 864,Roupas,229.13,38.0,2025-05-13,2.27,Produto popular
865,Produto 865,Alimentos,304.29,,2025-05-14,17.5,Novo lançamento
866,Produto 866,Esportes,262.68,16.0,2025-05-15,46.46,Produto popular
867,Produto 867,Casa e Jardim,460.5,94.0,2025-05-16,18.96,Novo lançamento
868,Produto 868,Esportes,253.51,40.0,2025-05-17,41.57,Produto popular
869,Produto 869,Roupas,496.16,2.0,2025-05-18,42.12,Produto popular
870,Produto 870,Casa e Jardim,427.2,81.0,2025-05-19,18.66,Novo lançamento
871,Produto 871,Alimentos,112.17,41.0,2025-05-20,31.6,Novo lançamento
872,Produto 872,Casa e Jardim,465.99,12.0,2025-05-21,4.77,Produto popular
873,Produto 873,Eletrônicos,,35.0,2025-05-22,5.18,Produto popular
874,Produto 874,Casa e Jardim,410.55,65.0,2025-05-23,2.43,Novo lançamento
875,Produto 875,Eletrônicos,196.51,55.0,2025-05-24,29.05,nan
876,Produto 876,Casa e Jardim,440.21,45.0,2025-05-25,21.3,Novo lançamento
877,Produto 877,Eletrônicos,435.35,79.0,2025-05-26,27.4,Produto popular
878,Produto 878,Roupas,404.9,90.0,2025-05-27,26.05,Novo lançamento
879,Produto 879,Esportes,397.11,85.0,2025-05-28,17.51,Novo lançamento
880,Produto 880,Alimentos,159.29,,2025-05-29,33.87,Produto popular
881,Produto 881,Casa e Jardim,49.65,49.0,2025-05-30,37.93,Novo lançamento
882,Produto 882,Esportes,,95.0,2025-05-31,0.73,nan
883,Produto 883,Alimentos,95.03,25.0,2025-06-01,10.36,Produto popular
884,Produto 884,Alimentos,350.53,23.0,2025-06-02,35.66,Novo lançamento
885,Produto 885,Eletrônicos,179.59,,2025-06-03,19.33,Produto popular
886,Produto 886,Roupas,,38.0,2025-06-04,33.12,Novo lançamento
887,Produto 887,Roupas,,,2025-06-05,17.35,nan
888,Produto 888,Esportes,413.02,21.0,2025-06-06,,Produto popular
889,Produto 889,Roupas,74.94,54.0,2025-06-07,7.93,Produto popular
890,Produto 890,Casa e Jardim,432.39,18.0,2025-06-08,12.91,Produto popular
891,Produto 891,Roupas,462.15,36.0,2025-06-09,,Produto popular
892,Produto 892,Esportes,248.66,99.0,2025-06-10,21.66,Novo lançamento
893,Produto 893,Roupas,307.06,45.0,2025-06-11,38.72,Novo lançamento
894,Produto 894,Casa e Jardim,384.76,73.0,2025-06-12,42.63,Novo lançamento
895,Produto 895,Eletrônicos,95.67,53.0,2025-06-13,27.08,Produto popular
896,Produto 896,Esportes,256.26,30.0,2025-06-14,,Produto popular
897,Produto 897,Eletrônicos,205.34,,2025-06-15,15.35,Produto popular
898,Produto 898,Eletrônicos,81.72,98.0,2025-06-16,20.75,Produto popular
899,Produto 899,Eletrônicos,190.09,32.0,2025-06-17,35.64,Produto popular
900,Produto 900,Alimentos,43.4,67.0,2025-06-18,,nan
901,Produto 901,Alimentos,22.65,67.0,2025-06-19,29.43,Produto popular
902,Produto 902,Eletrônicos,76.23,,2025-06-20,9.27,Novo lançamento
903,Produto 903,Esportes,481.93,44.0,2025-06-21,29.99,Produto popular
904,Produto 904,Casa e Jardim,279.27,79.0,2025-06-22,43.08,Produto popular
905,Produto 905,Casa e Jardim,483.25,41.0,2025-06-23,43.43,nan
906,Produto 906,Roupas,221.92,63.0,2025-06-24,36.22,Produto popular
907,Produto 907,Esportes,162.79,23.0,2025-06-25,37.29,Novo lançamento
908,Produto 908,Alimentos,258.01,75.0,2025-06-26,27.9,Produto popular
909,Produto 909,Eletrônicos,225.36,48.0,2025-06-27,29.23,Produto popular
910,Produto 910,Roupas,61.78,,2025-06-28,6.68,nan
911,Produto 911,Casa e Jardim,324.0,,2025-06-29,22.19,Produto popular
912,Produto 912,Alimentos,115.86,33.0,2025-06-30,22.54,nan
913,Produto 913,Alimentos,313.6,24.0,2025-07-01,47.92,Novo lançamento
914,Produto 914,Eletrônicos,328.6,39.0,2025-07-02,21.55,Novo lançamento
915,Produto 915,Casa e Jardim,84.49,34.0,2025-07-03,27.47,Novo lançamento
916,Produto 916,Esportes,40.06,56.0,2025-07-04,26.66,Produto popular
917,Produto 917,Alimentos,392.57,28.0,2025-07-05,31.84,Novo lançamento
918,Produto 918,Eletrônicos,235.3,37.0,2025-07-06,37.41,Produto popular
919,Produto 919,Esportes,,7.0,2025-07-07,11.25,Produto popular
920,Produto 920,Casa e Jardim,497.48,68.0,2025-07-08,,Novo lançamento
921,Produto 921,Alimentos,38.31,37.0,2025-07-09,41.3,nan
922,Produto 922,Esportes,350.57,56.0,2025-07-10,23.16,Produto popular
923,Produto 923,Esportes,492.0,65.0,2025-07-11,13.92,Novo lançamento
924,Produto 924,Esportes,127.2,65.0,2025-07-12,32.74,Produto popular
925,Produto 925,Alimentos,79.7,47.0,2025-07-13,41.19,Novo lançamento
926,Produto 926,Alimentos,69.48,20.0,2025-07-14,3.16,Produto popular
927,Produto 927,Roupas,158.6,19.0,2025-07-15,38.84,Novo lançamento
928,Produto 928,Casa e Jardim,59.51,,2025-07-16,41.08,Novo lançamento
929,Produto 929,Eletrônicos,,74.0,2025-07-17,,Novo lançamento
930,Produto 930,Esportes,40.52,60.0,2025-07-18,49.17,Produto popular
931,Produto 931,Roupas,259.62,18.0,2025-07-19,39.34,Produto popular
932,Produto 932,Eletrônicos,498.38,92.0,2025-07-20,38.68,Produto popular
933,Produto 933,Roupas,408.85,35.0,2025-07-21,37.39,nan
934,Produto 934,Alimentos,311.46,43.0,2025-07-22,7.53,nan
935,Produto 935,Esportes,160.06,95.0,2025-07-23,10.86,Novo lançamento
936,Produto 936,Eletrônicos,315.71,91.0,2025-07-24,23.2,Produto popular
937,Produto 937,Eletrônicos,268.25,,2025-07-25,13.2,Novo lançamento
938,Produto 938,Eletrônicos,218.78,49.0,2025-07-26,20.76,Produto popular
939,Produto 939,Eletrônicos,74.05,38.0,2025-07-27,44.42,Produto popular
940,Produto 940,Eletrônicos,444.44,64.0,2025-07-28,41.22,Produto popular
941,Produto 941,Roupas,230.39,,2025-07-29,31.5,Novo lançamento
942,Produto 942,Esportes,105.37,8.0,2025-07-30,42.91,Novo lançamento
943,Produto 943,Alimentos,190.2,34.0,2025-07-31,39.19,Novo lançamento
944,Produto 944,Alimentos,212.92,48.0,2025-08-01,21.45,Novo lançamento
945,Produto 945,Alimentos,415.49,56.0,2025-08-02,10.05,Produto popular
946,Produto 946,Alimentos,369.47,76.0,2025-08-03,25.71,Produto popular
947,Produto 947,Roupas,,65.0,2025-08-04,36.81,Produto popular
948,Produto 948,Casa e Jardim,15.41,31.0,2025-08-05,21.82,Novo lançamento
949,Produto 949,Esportes,213.92,4.0,2025-08-06,33.34,Produto popular
950,Produto 950,Eletrônicos,245.86,50.0,2025-08-07,4.72,Produto popular
951,Produto 951,Casa e Jardim,,69.0,2025-08-08,37.4,Novo lançamento
952,Produto 952,Alimentos,137.31,30.0,2025-08-09,40.64,Novo lançamento
953,Produto 953,Casa e Jardim,382.54,88.0,2025-08-10,35.34,Novo lançamento
954,Produto 954,Esportes,77.18,59.0,2025-08-11,48.36,Novo lançamento
955,Produto 955,Eletrônicos,272.3,67.0,2025-08-12,41.33,Novo lançamento
956,Produto 956,Eletrônicos,115.45,75.0,2025-08-13,45.15,Produto popular
957,Produto 957,Esportes,15.94,45.0,2025-08-14,46.68,nan
958,Produto 958,Esportes,128.19,4.0,2025-08-15,40.07,Novo lançamento
959,Produto 959,Alimentos,488.18,26.0,2025-08-16,33.71,Novo lançamento
960,Produto 960,Eletrônicos,,27.0,2025-08-17,0.29,nan
961,Produto 961,Casa e Jardim,,46.0,2025-08-18,23.29,Novo lançamento
962,Produto 962,Roupas,249.05,,2025-08-19,28.56,nan
963,Produto 963,Roupas,63.77,91.0,2025-08-20,15.2,Produto popular
964,Produto 964,Esportes,278.5,51.0,2025-08-21,,Novo lançamento
965,Produto 965,Alimentos,232.64,50.0,2025-08-22,48.06,Produto popular
966,Produto 966,Roupas,423.73,6.0,2025-08-23,44.59,nan
967,Produto 967,Eletrônicos,58.06,59.0,2025-08-24,42.46,Produto popular
968,Produto 968,Esportes,249.24,15.0,2025-08-25,20.3,Novo lançamento
969,Produto 969,Casa e Jardim,83.52,30.0,2025-08-26,0.68,Produto popular
970,Produto 970,Esportes,169.09,42.0,2025-08-27,,Novo lançamento
971,Produto 971,Casa e Jardim,371.3,37.0,2025-08-28,15.61,Novo lançamento
972,Produto 972,Esportes,243.25,42.0,2025-08-29,0.79,nan
973,Produto 973,Esportes,194.19,35.0,2025-08-30,0.86,Novo lançamento
974,Produto 974,Esportes,203.29,87.0,2025-08-31,45.83,nan
975,Produto 975,Casa e Jardim,235.13,6.0,2025-09-01,35.31,Novo lançamento
976,Produto 976,Casa e Jardim,394.66,68.0,2025-09-02,15.45,Produto popular
977,Produto 977,Esportes,447.12,18.0,2025-09-03,6.63,Novo lançamento
978,Produto 978,Roupas,478.11,73.0,2025-09-04,25.58,Produto popular
979,Produto 979,Alimentos,395.58,29.0,2025-09-05,0.27,Produto popular
980,Produto 980,Alimentos,164.55,77.0,2025-09-06,46.92,Produto popular
981,Produto 981,Alimentos,347.19,,2025-09-07,20.74,nan
982,Produto 982,Casa e Jardim,224.43,,2025-09-08,20.12,Novo lançamento
983,Produto 983,Casa e Jardim,134.79,17.0,2025-09-09,19.53,Produto popular
984,Produto 984,Roupas,422.03,96.0,2025-09-10,3.47,Novo lançamento
985,Produto 985,Alimentos,28.83,22.0,2025-09-11,31.92,Produto popular
986,Produto 986,Alimentos,451.86,,2025-09-12,36.65,Produto popular
987,Produto 987,Esportes,236.12,69.0,2025-09-13,33.81,Novo lançamento
988,Produto 988,Casa e Jardim,322.23,37.0,2025-09-14,6.92,Produto popular
989,Produto 989,Alimentos,333.08,,2025-09-15,28.94,Novo lançamento
990,Produto 990,Roupas,448.61,13.0,2025-09-16,,Novo lançamento
991,Produto 991,Roupas,321.97,34.0,2025-09-17,43.42,Novo lançamento
992,Produto 992,Alimentos,310.83,86.0,2025-09-18,18.96,Produto popular
993,Produto 993,Casa e Jardim,42.66,53.0,2025-09-19,18.57,Novo lançamento
994,Produto 994,Roupas,264.02,87.0,2025-09-20,30.93,Novo lançamento
995,Produto 995,Esportes,83.58,51.0,2025-09-21,31.65,Novo lançamento
996,Produto 996,Roupas,371.34,3.0,2025-09-22,23.46,Produto popular
997,Produto 997,Eletrônicos,260.99,42.0,2025-09-23,22.15,Novo lançamento
998,Produto 998,Eletrônicos,343.31,98.0,2025-09-24,24.71,Novo lançamento
999,Produto 999,Casa e Jardim,30.42,32.0,2025-09-25,43.05,Novo lançamento
1000,Produto 1000,Alimentos,51.55,,2025-09-26,23.06,nan
460,Produto 460,Alimentos,220.85,47.0,2024-04-04,10.03,Produto popular
961,Produto 961,Casa e Jardim,480.19,46.0,2025-08-18,,Novo lançamento
175,Produto 175,Casa e Jardim,335.2,4.0,2023-06-24,47.15,Produto popular
965,Produto 965,Alimentos,232.64,,2025-08-22,48.06,Produto popular
371,Produto 371,Roupas,417.75,61.0,2024-01-06,41.77,Novo lançamento
399,Produto 399,Casa e Jardim,32.41,,2024-02-03,31.1,Novo lançamento
60,Produto 60,Roupas,103.44,98.0,2023-03-01,0.16,Novo lançamento
104,Produto 104,Roupas,51.9,13.0,2023-04-14,27.46,Produto popular
529,Produto 529,Esportes,488.17,98.0,2024-06-12,39.11,Produto popular
178,Produto 178,Eletrônicos,115.32,10.0,2023-06-27,46.82,Novo lançamento
